"word","n"
"ai",430
"generative",397
"potential",199
"productivity",144
"automation",121
"economic",105
"impact",101
"activities",99
"data",87
"mckinsey",82
"customer",81
"percent",78
"frontier",73
"technology",72
"time",72
"capabilities",64
"adoption",62
"analysis",61
"based",61
"global",55
"models",55
"growth",54
"software",51
"human",50
"occupations",49
"language",48
"marketing",48
"sales",48
"technical",47
"2023",45
"labor",43
"industry",41
"1",40
"level",39
"research",39
"tasks",38
"workers",37
"business",36
"development",35
"exhibit",35
"including",35
"learning",35
"product",35
"foundation",34
"companies",33
"functions",33
"model",33
"scenario",33
"scenarios",33
"3",32
"content",32
"technologies",32
"ai’s",31
"2",30
"estimate",30
"industries",30
"institute",28
"natural",28
"specific",28
"deep",27
"performance",27
"workforce",27
"4",26
"activity",26
"cost",26
"total",26
"applications",25
"company",25
"economy",25
"increase",25
"knowledge",25
"solution",25
"costs",24
"create",24
"employment",23
"estimates",23
"generate",23
"information",23
"quality",23
"tools",23
"ability",22
"additional",22
"automated",22
"countries",22
"estimated",22
"process",22
"range",22
"required",22
"significant",22
"2017",21
"function",21
"products",21
"2022",20
"50",20
"accelerate",20
"current",20
"design",20
"engineering",20
"occupation",20
"operations",20
"previous",20
"report",20
"solutions",20
"wage",20
"5",19
"artificial",19
"code",19
"detailed",19
"intelligence",19
"key",19
"late",19
"relevant",19
"retail",19
"social",19
"text",19
"annual",18
"change",18
"experts",18
"levels",18
"llms",18
"service",18
"skills",18
"testing",18
"15",17
"80",17
"deliver",17
"source",17
"support",17
"world",17
"banking",16
"consumer",16
"drug",16
"exposed",16
"office",16
"personalized",16
"produce",16
"result",16
"trillion",16
"updated",16
"10",15
"20",15
"40",15
"60",15
"agents",15
"automate",15
"benefits",15
"developed",15
"enhance",15
"management",15
"market",15
"midpoint",15
"physical",15
"rapidly",15
"revenue",15
"share",15
"united",15
"billion",14
"box",14
"challenges",14
"customers",14
"designs",14
"exposure",14
"generation",14
"increased",14
"individual",14
"pace",14
"parameters",14
"previously",14
"scale",14
"virtual",14
"100",13
"april",13
"existing",13
"expert",13
"factors",13
"faster",13
"gdp",13
"percentage",13
"rates",13
"risks",13
"training",13
"account",12
"bureau",12
"database",12
"digital",12
"future",12
"improve",12
"initial",12
"lower",12
"output",12
"perform",12
"systems",12
"top",12
"47",11
"annually",11
"application",11
"approach",11
"assessments",11
"examples",11
"expertise",11
"include",11
"insights",11
"interactions",11
"internal",11
"related",11
"risk",11
"shift",11
"spent",11
"statistics",11
"trained",11
"understanding",11
"university",11
"0.6",10
"12",10
"16",10
"18",10
"2030",10
"6",10
"7",10
"9",10
"advanced",10
"agent",10
"base",10
"consumers",10
"deployment",10
"developing",10
"draft",10
"effective",10
"emotional",10
"enabled",10
"engineers",10
"experience",10
"feasibility",10
"functional",10
"hours",10
"jobs",10
"machine",10
"modeled",10
"net",10
"partner",10
"processes",10
"quickly",10
"rate",10
"require",10
"researchers",10
"society",10
"tech",10
"technology’s",10
"0",9
"0.1",9
"13",9
"2021",9
"63",9
"70",9
"address",9
"affect",9
"categories",9
"comparison",9
"effects",9
"enabling",9
"findings",9
"generating",9
"image",9
"impacts",9
"medical",9
"modeling",9
"networks",9
"organization",9
"processing",9
"provide",9
"reach",9
"real",9
"roughly",9
"senior",9
"services",9
"significantly",9
"spending",9
"task",9
"techniques",9
"unstructured",9
"user",9
"wages",9
"0.5",8
"14",8
"2,100",8
"30",8
"accelerating",8
"analytics",8
"assessment",8
"biggest",8
"capability",8
"chapter",8
"compared",8
"complex",8
"country",8
"cpg",8
"creative",8
"decision",8
"degree",8
"diffusion",8
"discovery",8
"due",8
"hardware",8
"identify",8
"images",8
"increases",8
"increasing",8
"innovation",8
"integration",8
"interaction",8
"investment",8
"mgi",8
"mix",8
"neural",8
"outputs",8
"planning",8
"preferences",8
"reduce",8
"reduced",8
"requirements",8
"resulting",8
"set",8
"simulations",8
"tailored",8
"technological",8
"traditional",8
"understand",8
"wide",8
"0.8",7
"11",7
"17",7
"2.6",7
"28",7
"3.1",7
"8",7
"access",7
"accounts",7
"addition",7
"advances",7
"approximately",7
"assessed",7
"assumptions",7
"average",7
"called",7
"chain",7
"clients",7
"computer",7
"corporate",7
"creation",7
"depending",7
"develop",7
"direct",7
"earlier",7
"employees",7
"enhanced",7
"entire",7
"evolution",7
"external",7
"ftes",7
"gpt",7
"half",7
"input",7
"integrate",7
"investments",7
"lead",7
"march",7
"median",7
"multiple",7
"optimize",7
"paper",7
"paris",7
"patterns",7
"period",7
"producing",7
"recent",7
"responses",7
"revenues",7
"scope",7
"speed",7
"talent",7
"test",7
"types",7
"worker",7
"writing",7
"0.7",6
"19",6
"2.8",6
"200",6
"2018",6
"2020",6
"22",6
"27",6
"850",6
"abilities",6
"academic",6
"acceleration",6
"achieve",6
"add",6
"adopted",6
"analyses",6
"applied",6
"architecture",6
"attention",6
"bring",6
"chatgpt",6
"clinical",6
"context",6
"conversion",6
"creating",6
"decade",6
"decades",6
"decisions",6
"director",6
"documentation",6
"drafts",6
"economics",6
"education",6
"emails",6
"enable",6
"experiences",6
"fine",6
"found",6
"improved",6
"june",6
"leaders",6
"lens",6
"lives",6
"manufacturing",6
"organizational",6
"packaged",6
"people",6
"performed",6
"performing",6
"policies",6
"policy",6
"potentially",6
"power",6
"privacy",6
"professionals",6
"reasoning",6
"requiring",6
"review",6
"rise",6
"search",6
"select",6
"spotlight",6
"step",6
"supply",6
"system",6
"timelines",6
"transform",6
"transformation",6
"updates",6
"video",6
"0.3",5
"1.2",5
"1.4",5
"110",5
"2016",5
"2060",5
"25",5
"3.4",5
"340",5
"4.4",5
"45",5
"49",5
"additionally",5
"algorithms",5
"answer",5
"appendix",5
"applying",5
"assess",5
"assistance",5
"audio",5
"automating",5
"bank",5
"banks",5
"beginning",5
"biased",5
"call",5
"capital",5
"care",5
"challenge",5
"chatbot",5
"chatbots",5
"china",5
"citation",5
"client",5
"coding",5
"collection",5
"considerations",5
"contribute",5
"declining",5
"drive",5
"earliest",5
"enables",5
"er",5
"exist",5
"features",5
"feedback",5
"financial",5
"gains",5
"generated",5
"health",5
"heavily",5
"humans",5
"identified",5
"importance",5
"improvement",5
"improvements",5
"improving",5
"income",5
"indications",5
"individuals",5
"inputs",5
"integrated",5
"january",5
"job",5
"leads",5
"learn",5
"legal",5
"llm",5
"low",5
"machines",5
"maintain",5
"manage",5
"managers",5
"managing",5
"materials",5
"mckinsey’s",5
"media",5
"methodology",5
"middle",5
"note",5
"occupational",5
"operational",5
"optimization",5
"organizations",5
"outcomes",5
"patient",5
"pharma",5
"price",5
"profiles",5
"prompt",5
"prompts",5
"property",5
"quartile",5
"questions",5
"recommendations",5
"reducing",5
"reductions",5
"regulatory",5
"representatives",5
"representing",5
"sciences",5
"sensory",5
"skill",5
"sources",5
"spend",5
"start",5
"strategy",5
"summary",5
"surrogates",5
"takes",5
"taking",5
"targeted",5
"ten",5
"transformed",5
"typically",5
"unit",5
"unlock",5
"voice",5
"york",5
"1.0",4
"150",4
"2012",4
"2040",4
"29",4
"400",4
"53",4
"56",4
"57",4
"75",4
"82",4
"a1",4
"act",4
"adapting",4
"adopt",4
"affected",4
"aging",4
"al",4
"alex",4
"amount",4
"amounts",4
"analyzed",4
"answers",4
"arxiv",4
"assisted",4
"assume",4
"assumed",4
"augment",4
"auto",4
"bay",4
"brand",4
"built",4
"businesses",4
"campaigns",4
"checks",4
"citizens",4
"classified",4
"cognitive",4
"collaboration",4
"company’s",4
"complete",4
"compliance",4
"comprehensive",4
"control",4
"copilot",4
"creativity",4
"curves",4
"databases",4
"delivers",4
"demographics",4
"developments",4
"dollars",4
"dwas",4
"economies",4
"effectively",4
"effectiveness",4
"ensure",4
"ensuring",4
"equal",4
"equivalent",4
"established",4
"expected",4
"facilitate",4
"facing",4
"fall",4
"figures",4
"flexes",4
"follow",4
"food",4
"free",4
"funded",4
"generations",4
"github",4
"globally",4
"google",4
"grow",4
"highly",4
"hiring",4
"history",4
"ideas",4
"included",4
"includes",4
"incorporating",4
"incremental",4
"index",4
"india",4
"informed",4
"inquiries",4
"instance",4
"intellectual",4
"introducing",4
"landscape",4
"layers",4
"legacy",4
"life",4
"main",4
"makers",4
"mckinsey.com",4
"measurable",4
"messages",4
"mexico",4
"months",4
"motor",4
"negative",4
"notes",4
"offers",4
"openai",4
"operating",4
"opportunities",4
"optimizing",4
"overview",4
"oxford",4
"partners",4
"past",4
"pennsylvania",4
"perception",4
"pharmaceutical",4
"phase",4
"powered",4
"pricing",4
"primarily",4
"produced",4
"production",4
"programming",4
"programs",4
"provided",4
"public",4
"published",4
"ranging",4
"refer",4
"resolution",4
"resources",4
"results",4
"retailers",4
"rounding",4
"scan",4
"school",4
"scores",4
"scripts",4
"sectors",4
"seo",4
"sequence",4
"sets",4
"shifts",4
"similar",4
"single",4
"stakeholders",4
"style",4
"success",4
"suggestions",4
"sum",4
"survey",4
"teachers",4
"teams",4
"today’s",4
"tokens",4
"train",4
"transitions",4
"vast",4
"visit",4
"world’s",4
"0.2",3
"1.3",3
"1.8",3
"120",3
"180",3
"1972",3
"2.0",3
"2.3",3
"2.5",3
"2010",3
"2045",3
"21",3
"24",3
"240",3
"260",3
"3.0",3
"3.7",3
"3.8",3
"300",3
"32",3
"34",3
"35",3
"43",3
"44",3
"48",3
"51",3
"54",3
"61",3
"62",3
"64",3
"660",3
"90",3
"accelerated",3
"accounting",3
"accurate",3
"adapt",3
"advertising",3
"advisers",3
"ai2",3
"algorithm",3
"allowing",3
"analyzing",3
"article",3
"assessing",3
"assist",3
"assuming",3
"attainment",3
"augmenting",3
"automatically",3
"b2c",3
"bachelor’s",3
"billions",3
"boost",3
"breakthroughs",3
"broad",3
"build",3
"building",3
"cagr",3
"calculated",3
"capture",3
"captured",3
"changed",3
"channels",3
"coaching",3
"cohort",3
"colleagues",3
"collecting",3
"combined",3
"commercial",3
"communication",3
"communications",3
"community",3
"computational",3
"compute",3
"computers",3
"concerns",3
"conservative",3
"consistent",3
"continues",3
"conversation",3
"conversations",3
"coordination",3
"copy",3
"correlation",3
"critical",3
"custom",3
"dall·e",3
"david",3
"day",3
"decrease",3
"defined",3
"deployed",3
"designing",3
"difficult",3
"direction",3
"distribution",3
"documents",3
"drivers",3
"economically",3
"economists",3
"educational",3
"efficiency",3
"efficient",3
"employee",3
"engine",3
"enterprise",3
"environmental",3
"era",3
"eric",3
"evidence",3
"examining",3
"excluding",3
"executives",3
"expenditures",3
"fabric",3
"feasible",3
"firms",3
"forces",3
"forecasting",3
"france",3
"fte",3
"gen",3
"germany",3
"graphics",3
"gupta",3
"handled",3
"helped",3
"helping",3
"historical",3
"histories",3
"ideation",3
"identification",3
"ihs",3
"implement",3
"implementation",3
"incorporate",3
"inference",3
"ing",3
"instantly",3
"integrating",3
"intensive",3
"involved",3
"involves",3
"involving",3
"issues",3
"japan",3
"lack",3
"languages",3
"le",3
"led",3
"lenses",3
"limitations",3
"list",3
"logical",3
"logistics",3
"london",3
"loop",3
"lowest",3
"ly",3
"major",3
"mapping",3
"markit",3
"massive",3
"matching",3
"measure",3
"michael",3
"modality",3
"monitor",3
"move",3
"multimodal",3
"music",3
"national",3
"nature",3
"neurons",3
"nongenerative",3
"november",3
"openai’s",3
"opposite",3
"options",3
"paired",3
"parameter",3
"partially",3
"pattern",3
"personal",3
"personalization",3
"perspective",3
"pharmaceuticals",3
"physics",3
"plateau",3
"play",3
"poised",3
"polytechnique",3
"populations",3
"positive",3
"private",3
"pro",3
"professor",3
"progress",3
"prosperity",3
"publicly",3
"quantitative",3
"quantumblack",3
"quintiles",3
"rapid",3
"reaching",3
"reality",3
"reflects",3
"regulation",3
"regulations",3
"relies",3
"representation",3
"representative",3
"requests",3
"requirement",3
"requires",3
"resource",3
"response",3
"retention",3
"retraining",3
"revolutionizing",3
"robert",3
"role",3
"run",3
"scenario2",3
"scientific",3
"scientists",3
"security",3
"sensing",3
"sensitivities",3
"series",3
"short",3
"slowed",3
"solve",3
"solving",3
"sourced",3
"stable",3
"stages",3
"steps",3
"studies",3
"substantial",3
"successfully",3
"synthesize",3
"synthesizing",3
"team",3
"thousands",3
"tool",3
"translation",3
"trends",3
"trials",3
"trillions",3
"tuning",3
"units",3
"unpredictable",3
"users",3
"values",3
"variety",3
"vary",3
"varying",3
"wealth",3
"white",3
"widely",3
"words",3
"workforces",3
"0.4",2
"0.9",2
"1,016",2
"1,200",2
"1.7",2
"11.0",2
"17.7",2
"170",2
"19,265",2
"1992",2
"2,087",2
"2.4",2
"2.9",2
"2002",2
"2050",2
"2070",2
"230",2
"26",2
"290",2
"2includes",2
"3.2",2
"36",2
"360",2
"38",2
"39",2
"4.5",2
"4.7",2
"41",2
"42",2
"52",2
"59",2
"6.1",2
"65",2
"7.9",2
"73.0",2
"absorb",2
"accessed",2
"accessories",2
"achieving",2
"actions",2
"actors",2
"ad",2
"added",2
"administrative",2
"advance",2
"advantage",2
"advent",2
"aerospace",2
"africa",2
"age",2
"agencies",2
"aggregated",2
"aggressive",2
"agriculture",2
"aim",2
"aimed",2
"alerts",2
"alphago",2
"alternatives",2
"america",2
"anatomy",2
"anthropic",2
"apply",2
"ar",2
"arise",2
"arrive",2
"articles",2
"articulation",2
"assesses",2
"assistant",2
"assistants",2
"assisting",2
"associate",2
"augmented",2
"awareness",2
"b2b",2
"bad",2
"bard",2
"barriers",2
"behavior",2
"benchmarks",2
"benefit",2
"bil",2
"board",2
"bot",2
"bottleneck",2
"bottom",2
"broader",2
"builds",2
"buying",2
"candidate",2
"candidates",2
"capable",2
"carbon",2
"cases1",2
"catalyst",2
"centered",2
"cfd",2
"changing",2
"characteristics",2
"charge",2
"charles",2
"chemical",2
"chemicals",2
"christoph",2
"chui",2
"cis",2
"class",2
"claude",2
"clothing",2
"collar",2
"color",2
"combine",2
"coming",2
"commissioned",2
"communicate",2
"comparability",2
"comparative",2
"complemented",2
"complexity",2
"component",2
"components",2
"compound",2
"compounds",2
"conceptual",2
"conclusions",2
"conference",2
"connected",2
"considerable",2
"consideration",2
"considered",2
"consistency",2
"contact",2
"contacts",2
"contents",2
"continue",2
"continued",2
"continuing",2
"contract",2
"contrast",2
"contributing",2
"copyright",2
"core",2
"cornell",2
"covering",2
"created",2
"creatives",2
"credit",2
"cross",2
"customer’s",2
"de",2
"debt",2
"decline",2
"decreased",2
"define",2
"delivering",2
"demographic",2
"demonstrate",2
"deploy",2
"descriptions",2
"designers",2
"details",2
"determine",2
"determining",2
"developers",2
"devote",2
"dexterity",2
"dialogue",2
"difficulty",2
"diffuse",2
"directly",2
"dis",2
"display",2
"download",2
"drafting",2
"dramatically",2
"draw",2
"driven",2
"driving",2
"drugs",2
"dwa",2
"dynamic",2
"earners",2
"ease",2
"easily",2
"edited",2
"editor",2
"educated",2
"edward",2
"effect",2
"efficiently",2
"elevates",2
"ellingrud",2
"embedded",2
"emma",2
"emulate",2
"energy",2
"engage",2
"enhancing",2
"environments",2
"equilibrium",2
"erate",2
"erative",2
"estimation",2
"europe",2
"european",2
"events",2
"examined",2
"excludes",2
"exhaustive",2
"expanded",2
"expansive",2
"experi",2
"experienced",2
"explainability",2
"explained",2
"extract",2
"extracting",2
"extrapolating",2
"extreme",2
"extremes",2
"faced",2
"falls",2
"farmer",2
"fast",2
"february",2
"felten",2
"fewer",2
"finally",2
"finance",2
"finding",2
"focused",2
"force",2
"form",2
"format",2
"fraction",2
"frameworks",2
"frontiers",2
"frontline",2
"fuel",2
"fueled",2
"ga",2
"gained",2
"game",2
"games",2
"gathering",2
"gener",2
"glossary",2
"goldman",2
"government",2
"gpts",2
"grasp",2
"gross",2
"grown",2
"guide",2
"gy",2
"handling",2
"harm",2
"harnessing",2
"hazan",2
"headlines",2
"helps",2
"heterogeneity",2
"hourly",2
"hr",2
"huge",2
"humanlike",2
"identifiable",2
"ignite",2
"ii",2
"incentives",2
"independent",2
"indication",2
"industry’s",2
"infor",2
"inform",2
"infringing",2
"inherent",2
"initially",2
"institut",2
"institution",2
"institutions",2
"instructions",2
"interacting",2
"interactive",2
"interface",2
"interviews",2
"introduced",2
"inventory",2
"involve",2
"io",2
"ip",2
"issue",2
"iterate",2
"ivr",2
"kate",2
"kathryn",2
"keywords",2
"knock",2
"kweilin",2
"lareina",2
"larger",2
"largest",2
"li",2
"limit",2
"line",2
"lines",2
"linked",2
"lion",2
"literature",2
"livelihoods",2
"location",2
"logs",2
"losses",2
"machinery",2
"macro",2
"maintenance",2
"malicious",2
"manav",2
"manually",2
"marketers",2
"martin",2
"match",2
"materialize",2
"mation",2
"measured",2
"medication",2
"ment",2
"migration",2
"million",2
"mimic",2
"missing",2
"mobility",2
"modalities",2
"molecule",2
"molecules",2
"monitoring",2
"morgan",2
"navigate",2
"navigator",2
"necessarily",2
"network",2
"news",2
"nineteen",2
"north",2
"ns",2
"numerical",2
"nurture",2
"objective",2
"obstacles",2
"obtained",2
"occurs",2
"offering",2
"offerings",2
"op",2
"origins",2
"outreach",2
"overlap",2
"overnight",2
"oversight",2
"paid",2
"palm",2
"pbc",2
"perspectives",2
"peter",2
"phases",2
"phenomenon",2
"phones",2
"physicians",2
"pieces",2
"pierce",2
"pitchbook",2
"plagiarism",2
"plans",2
"plausible",2
"popular",2
"positions",2
"possibilities",2
"powering",2
"practices",2
"practitioners",2
"precise",2
"predictable",2
"predictive",2
"preliminary",2
"prepare",2
"preparing",2
"pretrained",2
"princeton",2
"prioritize",2
"probability",2
"procurement",2
"profile",2
"proprietary",2
"protected",2
"providing",2
"purposes",2
"push",2
"queries",2
"raj",2
"ready",2
"realize",2
"recast",2
"receives",2
"records",2
"redeployed",2
"reduction",2
"referred",2
"refers",2
"refine",2
"reflecting",2
"regulated",2
"relationships",2
"released",2
"reliability",2
"rely",2
"replaced",2
"replit",2
"reported",2
"reporting",2
"reports",2
"represent",2
"responding",2
"retrieve",2
"richard",2
"roberts",2
"robinson",2
"rodney",2
"roger",2
"root",2
"routine",2
"rush",2
"sachs",2
"satisfaction",2
"saving",2
"screening",2
"seamans",2
"segments",2
"selected",2
"selection",2
"sell",2
"selling",2
"sense",2
"shape",2
"shifted",2
"shown",2
"similarly",2
"singh",2
"singla",2
"skilled",2
"slowdown",2
"slowing",2
"smaje",2
"smartphones",2
"societal",2
"solely",2
"sooner",2
"south",2
"special",2
"specifically",2
"speech",2
"ssrn",2
"st",2
"stand",2
"stanford",2
"stanley",2
"stitch",2
"stored",2
"strategic",2
"strategies",2
"streamline",2
"strong",2
"structural",2
"structure",2
"structured",2
"structures",2
"study",2
"subset",2
"substantially",2
"substituted",2
"sufficient",2
"suggest",2
"suggested",2
"sukharevsky",2
"summarization",2
"suppliers",2
"surgery",2
"surveyed",2
"synthetic",2
"tables",2
"tailor",2
"target",2
"teacher",2
"telecommunications",2
"tendency",2
"term",2
"terms",2
"tested",2
"tests",2
"theoretically",2
"thinking",2
"thirds",2
"tial",2
"times",2
"tion",2
"tions",2
"titles",2
"tooling",2
"traction",2
"transformers",2
"travel",2
"treatment",2
"tvs",2
"type",2
"unlike",2
"unlocked",2
"update",2
"valuable",2
"varied",2
"vastly",2
"venture",2
"visualize",2
"volume",2
"weather",2
"web",2
"weighted",2
"wharton",2
"yee",2
"zemmel",2
"0.0",1
"1.1",1
"1.5",1
"1.6",1
"1.9",1
"100,000",1
"100k",1
"13.6",1
"130",1
"140",1
"15.4",1
"15.5",1
"16,000",1
"16.0",1
"160",1
"17.1",1
"1940",1
"1962",1
"1982",1
"1990",1
"2,080",1
"2,600",1
"2.1",1
"2.2",1
"2.7",1
"2011",1
"2013",1
"2019",1
"2023.4",1
"2027",1
"2035",1
"2053",1
"2080",1
"2090",1
"22.1",1
"23",1
"2302.06590",1
"2303.10130",1
"24.0",1
"24.5",1
"25.6",1
"250",1
"270",1
"3.6",1
"30389",1
"31",1
"310",1
"31161",1
"315",1
"33",1
"37",1
"390",1
"4,400",1
"4.0",1
"4.8",1
"420",1
"45.0",1
"45.5",1
"46",1
"46.0",1
"460",1
"470",1
"49.0",1
"5,000",1
"5.3",1
"500",1
"55",1
"550",1
"57th",1
"58",1
"58.5",1
"580",1
"66",1
"67",1
"68.0",1
"72.5",1
"73",1
"74",1
"75,000",1
"760",1
"78",1
"79.0",1
"800",1
"81",1
"87",1
"9,000",1
"9.3",1
"9.5",1
"90.5",1
"92",1
"93",1
"a.i",1
"a4",1
"abreu",1
"absence",1
"abstract",1
"accel",1
"acceptance",1
"accessible",1
"accessing",1
"accomplish",1
"accounted",1
"accumulating",1
"accuracy",1
"accurately",1
"achievable",1
"achieved",1
"acknowledgments",1
"actionable",1
"activities1",1
"actual",1
"adaptation",1
"adapted",1
"adaptive",1
"adapts",1
"addressable",1
"addressed",1
"adjustments",1
"adopters",1
"adopting",1
"advancing",1
"advantages",1
"adversarial",1
"advise",1
"advisors",1
"advocated",1
"agarwal",1
"aggregate",1
"aggregating",1
"ago",1
"agricultural",1
"ahead",1
"ai1",1
"ai3",1
"aid",1
"aides",1
"aims",1
"air",1
"airbags",1
"akhil",1
"albeit",1
"albert",1
"alexandre",1
"algorithmic",1
"aligned",1
"allowed",1
"alludes",1
"alok",1
"alter",1
"amanda",1
"amended",1
"american",1
"amplified",1
"amply",1
"analytical",1
"ananya",1
"andreas",1
"andrew",1
"annotators",1
"announced",1
"announcements",1
"anns",1
"anomalies",1
"anthropic’s",1
"anticipate",1
"antilock",1
"api",1
"apis",1
"appeal",1
"applica",1
"apprenticeships",1
"approximate",1
"approximates",1
"architects",1
"architectural",1
"arguably",1
"argue",1
"arises",1
"arising",1
"arm",1
"aronowitz",1
"arora",1
"array",1
"arrival",1
"art",1
"articulating",1
"arts",1
"arun",1
"ashley",1
"asian",1
"aspects",1
"assigning",1
"associate’s",1
"association",1
"assumption",1
"assurance",1
"ating",1
"ative",1
"atkins",1
"attached",1
"attack",1
"attacks",1
"attempt",1
"attraction",1
"attractiveness",1
"attrition",1
"audience",1
"august",1
"authors",1
"automates",1
"automatic",1
"automation’s",1
"autonomous",1
"autonomously",1
"autor",1
"availability",1
"averaged",1
"aware",1
"awe",1
"babbar",1
"baily",1
"balance",1
"balancing",1
"baseline",1
"basic",1
"bass",1
"batcheck",1
"beacom",1
"begum",1
"begun",1
"behaviors",1
"bene",1
"benefited",1
"benjamin",1
"berteletti",1
"beuwer",1
"beverage",1
"bias",1
"bigger",1
"biotech",1
"birth",1
"black",1
"bodies",1
"boer",1
"bollard",1
"booking",1
"boosting",1
"bosquet",1
"bottlenecks",1
"boudhayan",1
"brain",1
"brainstorm",1
"braking",1
"branding",1
"braverman",1
"break",1
"breakdown",1
"briggs",1
"bringing",1
"brings",1
"broaden",1
"brookings",1
"browsing",1
"bryan",1
"brynjolfsson",1
"budget",1
"builders",1
"bulk",1
"burke",1
"buy",1
"cal",1
"calculate",1
"calculation",1
"calculations",1
"calculators",1
"california",1
"cancel",1
"capacity",1
"capitalize",1
"captures",1
"carcenac",1
"card",1
"careful",1
"carolyn",1
"cars",1
"cataloged",1
"cate",1
"catego",1
"category",1
"cathy",1
"cations",1
"cedure",1
"celebrated",1
"cell",1
"cellphones",1
"center",1
"centers",1
"central",1
"centric",1
"cess",1
"ch",1
"chaigne",1
"challenged",1
"challenging",1
"champion",1
"channel",1
"checked",1
"checking",1
"chicago",1
"chips",1
"choices",1
"choosing",1
"chuck",1
"cies",1
"cihon",1
"cindy",1
"circuit",1
"circuits",1
"circumstances",1
"cities",1
"citing",1
"classification",1
"classify",1
"classifying",1
"clean",1
"cleaning",1
"climate",1
"close",1
"cluster",1
"cnbc",1
"coaster",1
"coders",1
"cohesive",1
"cohorts",1
"cohort’s",1
"collaborate",1
"collaborated",1
"collaborator",1
"colleague",1
"collect",1
"collected",1
"college",1
"combination",1
"combines",1
"combining",1
"comella",1
"command",1
"commanding",1
"comments",1
"commerce",1
"communicating",1
"communities",1
"comparisons",1
"compelling",1
"compensating",1
"compete",1
"competitive",1
"competitors",1
"complaints",1
"complement",1
"complementary",1
"complements",1
"completed",1
"complicated",1
"compose",1
"composed",1
"composition",1
"compressed",1
"computer’s",1
"computing",1
"con",1
"concentrated",1
"concepts",1
"concern",1
"concerned",1
"conduct",1
"conducted",1
"confidence",1
"configurations",1
"confounding",1
"congressional",1
"connections",1
"connectivity",1
"consciousness",1
"consequences",1
"considers",1
"constant",1
"constraints",1
"construction",1
"consultant",1
"consumables",1
"consumer’s",1
"contextual",1
"continent’s",1
"contributed",1
"contribution",1
"contributions",1
"contributor",1
"conveniences",1
"convert",1
"convolutions",1
"copilots",1
"copyrighted",1
"correction",1
"correspondingly",1
"cos",1
"coscarelli",1
"council",1
"counterparts",1
"coupled",1
"coverage",1
"covers",1
"covid",1
"covington",1
"cpus",1
"creates",1
"credentials",1
"crispeels",1
"crops",1
"crowdsourced",1
"crucially",1
"cruise",1
"ct",1
"cu",1
"culture",1
"cultures",1
"curated",1
"curve",1
"cus",1
"customiza",1
"customized",1
"cut",1
"cutoff",1
"cyberattacks",1
"d1",1
"damian",1
"dan",1
"dana",1
"dandona",1
"danielle",1
"data’s",1
"date",1
"dealerships",1
"deals",1
"debate",1
"december",1
"decide",1
"declines",1
"dedicated",1
"deepfakes",1
"deepmind",1
"defeated",1
"defects",1
"defense",1
"definition",1
"deflator",1
"delallo",1
"delicate",1
"delight",1
"delivered",1
"delivery",1
"demand",1
"deniz",1
"dent",1
"depardon",1
"depend",1
"depends",1
"deploying",1
"derived",1
"des",1
"describe",1
"describing",1
"description",1
"designed",1
"designer",1
"desired",1
"desk",1
"destabilizing",1
"detect",1
"determined",1
"detrimental",1
"developer",1
"devised",1
"diagnose",1
"diagnoses",1
"diane",1
"dients",1
"digest",1
"digitally",1
"digitization",1
"dimensions",1
"dioxide",1
"diploma",1
"directional",1
"directors",1
"disciplines",1
"disconnected",1
"discounts",1
"discover",1
"discussed",1
"discussion",1
"discussions",1
"dishwashers",1
"disinformation",1
"displaced",1
"disproportionately",1
"disruptive",1
"disseminate",1
"distinguished",1
"distribute",1
"ditions",1
"diverse",1
"divide",1
"divided",1
"dividing",1
"dmitry",1
"docu",1
"doesn’t",1
"dollar",1
"domain",1
"domains",1
"domination",1
"dorda",1
"double",1
"drake",1
"drawings",1
"draws",1
"drew",1
"driver",1
"drives",1
"dynamics",1
"earn",1
"eases",1
"ecommerce",1
"edit",1
"editing",1
"editorial",1
"educator",1
"educators",1
"efficiencies",1
"effort",1
"efforts",1
"electrical",1
"electronic",1
"electronics",1
"element",1
"eleonore",1
"elevate",1
"eli",1
"elia",1
"eloundou",1
"email",1
"embed",1
"embedding",1
"emerge",1
"emergence",1
"emergencies",1
"emergency",1
"emerging",1
"emeritus",1
"emily",1
"emissions",1
"emit",1
"empathy",1
"emphasis",1
"empirical",1
"employ",1
"empower",1
"en",1
"ence",1
"encompass",1
"endnotes",1
"engagement",1
"engineered",1
"english",1
"enhancement",1
"enormous",1
"ensuing",1
"entails",1
"enterprises",1
"entertainment",1
"enthusiasm",1
"entity",1
"entos",1
"entrepreneurs",1
"environment",1
"equals",1
"equates",1
"equipment",1
"equitable",1
"equivalents",1
"erik",1
"error",1
"errors",1
"ers",1
"escalations",1
"esco",1
"esg",1
"essen",1
"essential",1
"establish",1
"estate",1
"estimating",1
"ethan",1
"ethevenin",1
"ety",1
"evaluated",1
"evaluating",1
"eventually",1
"ew",1
"exact",1
"examines",1
"exceed",1
"excel",1
"exchange",1
"excited",1
"excitement",1
"exciting",1
"exclude",1
"excluded",1
"exclusive",1
"exclusively",1
"executive",1
"exhibits",1
"existed",1
"expand",1
"expe",1
"expect",1
"expectations",1
"expedite",1
"experiment",1
"experimented",1
"experiments",1
"explain",1
"explains",1
"explicit",1
"explore",1
"explored",1
"exploring",1
"expression",1
"extra",1
"extraction",1
"extrapolation",1
"extremely",1
"faction",1
"factor",1
"faded",1
"fail",1
"fair",1
"fairness",1
"fake",1
"falling",1
"familiarity",1
"families",1
"farmers",1
"fea",1
"featuring",1
"federation",1
"feelings",1
"fellow",1
"female",1
"files",1
"fin",1
"final",1
"finite",1
"fited",1
"fitted",1
"fix",1
"fixes",1
"fix’s",1
"flip",1
"flow",1
"flows",1
"fluid",1
"fm",1
"focusing",1
"forbes",1
"forecast",1
"formed",1
"formulating",1
"formulation",1
"forty",1
"forward",1
"founda",1
"frames",1
"françois",1
"fraud",1
"friction",1
"front",1
"fruits",1
"fulfillment",1
"fundamental",1
"fundamentally",1
"funding",1
"gafarov",1
"gain",1
"gandhi",1
"ganesh",1
"gap",1
"garnered",1
"gather",1
"gaël",1
"gence",1
"genera",1
"geographic",1
"geographies",1
"georg",1
"gi",1
"giants",1
"gically",1
"giv",1
"giving",1
"gleischman",1
"goldberg",1
"goods2",1
"gories",1
"governance",1
"governments",1
"gpus",1
"gradually",1
"grant",1
"granular",1
"grappling",1
"grateful",1
"greet",1
"grennan",1
"group7",1
"group’s",1
"growing",1
"guessed",1
"gui",1
"guides",1
"guiding",1
"guillaume",1
"gurneet",1
"hababou",1
"hackers",1
"hallucinate",1
"hancock",1
"handful",1
"hands",1
"happiness",1
"harkness",1
"harmful",1
"harness",1
"harouchi",1
"hart",1
"hate",1
"healthcare",1
"heavy",1
"heiko",1
"heimes",1
"henning",1
"henry",1
"here’s",1
"highlight",1
"highlighted",1
"hinder",1
"hispanic",1
"historic",1
"historically",1
"hit",1
"hold",1
"hollowing",1
"hope",1
"horne",1
"hour",1
"households",1
"hugh",1
"hundreds",1
"hurt",1
"ibid",1
"identifying",1
"iii",1
"illustrate",1
"illustrated",1
"imagery",1
"imagination",1
"imagine",1
"immediately",1
"immensely",1
"immune",1
"impeding",1
"imperceptible",1
"imperfect",1
"implemented",1
"implementing",1
"implications",1
"implicitly",1
"impressive",1
"inappropriate",1
"inception",1
"incite",1
"incl",1
"inclusive",1
"incomes",1
"inconsistent",1
"incorporated",1
"incorporates",1
"incorrect",1
"increasingly",1
"incrementally",1
"indexes",1
"indi",1
"indicator",1
"indus",1
"industrial",1
"inefficien",1
"infer",1
"inflation",1
"infringe",1
"ingre",1
"injection",1
"innovations",1
"inspire",1
"inspired",1
"installation",1
"installed",1
"instantaneously",1
"instruction",1
"instrument",1
"insurance",1
"intelli",1
"intended",1
"interact",1
"interacts",1
"interconnected",1
"interestingly",1
"interfacing",1
"international",1
"interpret",1
"interpreting",1
"intra",1
"introduce",1
"invest",1
"invested",1
"investigate",1
"investing",1
"iot",1
"ipums",1
"isn’t",1
"it1",1
"item",1
"it’s",1
"jacobs",1
"jake",1
"jan",1
"janardhanan",1
"jane",1
"jeff",1
"jeffrey",1
"jessica",1
"joanna",1
"joe",1
"john",1
"join",1
"joseph",1
"journey",1
"julien",1
"jumped",1
"justify",1
"karaci",1
"katherine",1
"ke",1
"kelsey",1
"kerin",1
"khurana",1
"kindergarten",1
"kingdom’s",1
"kmicinska",1
"kremer",1
"kuhn",1
"köstring",1
"lab",1
"labeled",1
"labeling",1
"lags",1
"lamb",1
"lamda",1
"lampe",1
"landing",1
"laparoscopic",1
"larson",1
"leaching",1
"leading",1
"leak",1
"learning1",1
"leave",1
"legally",1
"leila",1
"length",1
"leroi",1
"leverage",1
"leveraged",1
"lewandowski",1
"libraries",1
"licenses",1
"lies",1
"lifetime",1
"limited",1
"limiting",1
"limits",1
"lin",1
"lindberg",1
"lindsey",1
"linguistics",1
"lisa",1
"litigation",1
"live",1
"living",1
"liz",1
"lo",1
"local",1
"lost",1
"loyalty",1
"lurenbaum",1
"l’académie",1
"macak",1
"macroeconomic",1
"magnitude",1
"maintaining",1
"majority",1
"makes",1
"male",1
"malgorzata",1
"managed",1
"manager",1
"manipulated",1
"manipulating",1
"manufacturing3",1
"maor",1
"map",1
"mapped",1
"maps",1
"marco",1
"maribel",1
"marion",1
"markedly",1
"markets",1
"mass",1
"master’s",1
"matched",1
"matej",1
"material",1
"mathematical",1
"mathematics",1
"matter",1
"mature",1
"mauhourat",1
"max",1
"maxim",1
"maximize",1
"mccallum",1
"meal",1
"meant",1
"measures",1
"mechanical",1
"mechanism",1
"mechanisms",1
"medications",1
"meet",1
"meeting",1
"mentation",1
"messaging",1
"met",1
"meta",1
"methods",1
"metics",1
"metrics",1
"michele",1
"micro",1
"microsoft",1
"microsoft’s",1
"midsize",1
"midterm",1
"milan",1
"milestones",1
"millions",1
"mind",1
"mindful",1
"minimize",1
"minimum",1
"minute",1
"mission",1
"misunderstandings",1
"mitigating",1
"mixes",1
"ml",1
"mobile",1
"modern",1
"modernize",1
"moira",1
"mollick",1
"moment",1
"monetization",1
"money",1
"month",1
"monthly",1
"morrison",1
"moulines",1
"mountains",1
"mri",1
"multi",1
"multiphysics",1
"multiply",1
"multiplying",1
"multitude",1
"multiyear",1
"myriad",1
"narrowing",1
"nathan",1
"navigable",1
"navigation",1
"nc",1
"ne",1
"necessity",1
"neel",1
"negatives",1
"negotiating",1
"neil",1
"netting",1
"networking",1
"nextstates",1
"ni",1
"nienke",1
"nities",1
"nlp",1
"nominal",1
"noneconomic",1
"nonetheless",1
"nonexhaustive",1
"notably",1
"noted",1
"notices",1
"nt",1
"nuance",1
"nuances",1
"nudges",1
"nuñez",1
"obadia",1
"obscure",1
"observed",1
"obtain",1
"obtaining",1
"obvious",1
"occupation's",1
"occur",1
"occurred",1
"od",1
"odds",1
"offer",1
"offset",1
"ogy",1
"olivier",1
"om",1
"ongoing",1
"online",1
"onno",1
"ons",1
"onward",1
"openings",1
"openresearch",1
"opportu",1
"opportunity",1
"optimized",1
"oral",1
"ordinary",1
"organic",1
"organiza",1
"organized",1
"original",1
"originally",1
"outline",1
"outlined",1
"overcome",1
"overlapping",1
"owned",1
"paced",1
"pacemakers",1
"packaging",1
"page",1
"pair",1
"palpable",1
"pandemic",1
"parity",1
"parking",1
"participation",1
"partnership",1
"party",1
"passively",1
"patented",1
"paternoster",1
"payable",1
"pedro",1
"peer",1
"performs",1
"periods",1
"peripheral",1
"permeated",1
"personalize",1
"persuaded",1
"phd",1
"phone",1
"pic",1
"piccitto",1
"picking",1
"piece",1
"pilots",1
"plantefeve",1
"platforms",1
"playbooks",1
"played",1
"player",1
"plentiful",1
"pondering",1
"pons",1
"pool",1
"pools",1
"portion",1
"portions",1
"poses",1
"position",1
"positives",1
"possibility",1
"post",1
"posts",1
"postsecondary",1
"poten",1
"potentials",1
"pp",1
"pr",1
"practice",1
"pre",1
"precedents",1
"preceding",1
"precisely",1
"predates",1
"predict",1
"predictions",1
"preparation",1
"prescribed",1
"presence",1
"presentation",1
"presentations",1
"preternatural",1
"prevalence",1
"prevalent",1
"prevent",1
"prices",1
"prietary",1
"primary",1
"prime",1
"principal",1
"principles",1
"prioriti",1
"prioritized",1
"priority",1
"proactively",1
"probable",1
"procedures",1
"proceedings",1
"processed",1
"processor",1
"prod",1
"producer",1
"produces",1
"productive",1
"professional",1
"profit",1
"profitability",1
"profits1",1
"program",1
"programmatically",1
"progression",1
"project",1
"projected",1
"prominent",1
"promise",1
"promising",1
"prompted",1
"propel",1
"properly",1
"proposed",1
"prospects",1
"protect",1
"proteins",1
"prototyping",1
"provider’s",1
"publication",1
"public’s",1
"publishing",1
"pull",1
"pulled",1
"purchase",1
"purpose",1
"qualitative",1
"qualities",1
"quantified",1
"quantify",1
"quantities",1
"quarter",1
"query",1
"question",1
"questioned",1
"quintile",1
"quotes",1
"ra",1
"rachel",1
"raghavan",1
"raise",1
"raised",1
"ranges",1
"rapport",1
"rathje",1
"rating",1
"ratio",1
"rattles",1
"raymond",1
"reaches",1
"read",1
"readers",1
"realization",1
"reasor",1
"reassessments",1
"rebeca",1
"recalibrate",1
"receivable",1
"receiving",1
"recently",1
"recipe",1
"reclassify",1
"recognition",1
"recognized",1
"recognizing",1
"recommend",1
"recommended",1
"recommending",1
"record",1
"recruiting",1
"recurrent",1
"redeployment",1
"refactor",1
"refactoring",1
"refining",1
"reflect",1
"regional",1
"regression",1
"rehm",1
"reintegrated",1
"reinvention",1
"reis",1
"rejoin",1
"rekindling",1
"relatedness",1
"relating",1
"relation",1
"relations",1
"relationship",1
"relative",1
"relied",1
"remained",1
"remy",1
"reorganization",1
"repair",1
"repetitive",1
"replace",1
"representations",1
"represented",1
"represents",1
"reps",1
"reputation",1
"resale",1
"researcher",1
"reshape",1
"reshaping",1
"reskill",1
"resolve",1
"resolved",1
"responsibility",1
"responsible",1
"responsibly",1
"retail4",1
"retained",1
"rethinking",1
"retrain",1
"retrieving",1
"revolutionize",1
"revolutionized",1
"rewards",1
"ri",1
"ride",1
"rience",1
"ries",1
"rights",1
"risen",1
"robboy",1
"robotics",1
"robust",1
"rohit",1
"roi",1
"roles",1
"roller",1
"romain",1
"rose",1
"rosendahl",1
"roth",1
"rp",1
"rule",1
"running",1
"ryan",1
"sa",1
"safeguards",1
"safer",1
"salaries",1
"sale",1
"salespeople",1
"sandler",1
"sanghvi",1
"santiago",1
"satis",1
"saturation",1
"saurab",1
"saved",1
"savings",1
"scalable",1
"scaled",1
"scaling",1
"scans",1
"scenario3",1
"scenes",1
"scientist",1
"score",1
"scored",1
"scoring",1
"scramble",1
"scraping",1
"scratch",1
"searching",1
"sebastien",1
"secondary",1
"sections",1
"sector",1
"sectoral",1
"seek",1
"seemingly",1
"segment",1
"selecting",1
"semantic",1
"semiconductors",1
"sen",1
"send",1
"sentiment",1
"september",1
"serviced",1
"serving",1
"settings",1
"shamir",1
"shanghai",1
"shelf",1
"shenton",1
"shivani",1
"shoppers",1
"shopping",1
"shrunk",1
"si",1
"sigmoidal",1
"signifi",1
"siloed",1
"similarities",1
"similarity",1
"simplicity",1
"simulated",1
"simulation",1
"simultaneously",1
"size",1
"sized",1
"sizing",1
"sk",1
"skus",1
"slightly",1
"slogans",1
"slow",1
"slower",1
"slowly",1
"smoothly",1
"societies",1
"soft",1
"software’s",1
"sole",1
"soller",1
"son",1
"sonja",1
"sophisticated",1
"sophistication",1
"soubien",1
"southern",1
"span",1
"spanning",1
"spatial",1
"speak",1
"spearheaded",1
"specialists",1
"specifications",1
"sped",1
"speeds",1
"spends",1
"spotlights",1
"spread",1
"spreading",1
"spreadsheets",1
"square",1
"stability",1
"staff",1
"stage",1
"stake",1
"standards",1
"started",1
"starting",1
"statistical",1
"status",1
"stay",1
"steep",1
"steeply",1
"stein",1
"stem",1
"stents",1
"stephanie",1
"stereotypes",1
"steve",1
"steven",1
"strate",1
"strategization",1
"stress",1
"stringent",1
"strom",1
"strubell",1
"student",1
"students",1
"stunned",1
"stunning",1
"stylists",1
"su",1
"substan",1
"substantively",1
"substitution",1
"succinct",1
"sudden",1
"suggesting",1
"suggests",1
"suited",1
"summarize",1
"superpowers",1
"supervised",1
"supervision",1
"supplier",1
"supported",1
"surfaced",1
"surfaces",1
"surprise",1
"surprising",1
"surveys",1
"sustain",1
"sustainable",1
"sustained",1
"swan",1
"sx",1
"symptoms",1
"synthesis",1
"synthesized",1
"ta",1
"tabular",1
"tags",1
"talking",1
"tam",1
"tandem",1
"targeting",1
"targets",1
"tarun",1
"tas",1
"te",1
"techni",1
"technically",1
"technicians",1
"technique",1
"technol",1
"technolo",1
"tejada",1
"telecom",1
"temperature",1
"tens",1
"terminology",1
"territory",1
"therapeutics",1
"there’s",1
"thermal",1
"thierry",1
"thirteen",1
"threatens",1
"thrive",1
"throw",1
"tially",1
"tim",1
"timeline",1
"timing",1
"tin",1
"tio",1
"tips",1
"titans",1
"title",1
"tive",1
"tomer",1
"tons",1
"topic",1
"toughest",1
"traceability",1
"tracking",1
"trademarked",1
"traditionally",1
"traffic",1
"transactions",1
"transcripts",1
"transformations",1
"transformer",1
"transforming",1
"translated",1
"translations",1
"transparency",1
"transparently",1
"transport",1
"transportation",1
"treat",1
"treated",1
"treating",1
"trial",1
"triangulate",1
"trick",1
"trust",1
"truth",1
"tune",1
"tured",1
"tures",1
"turnover",1
"tutoring",1
"tw",1
"tyna",1
"télécom",1
"u.s",1
"uct",1
"unbiased",1
"uncertainty",1
"uncover",1
"undergirds",1
"underlies",1
"underlying",1
"underpin",1
"underpinning",1
"uneven",1
"unexpectedly",1
"uniform",1
"unintended",1
"universe",1
"university’s",1
"unlabeled",1
"unprecedented",1
"unregulated",1
"unstruc",1
"upended",1
"uplift",1
"ups",1
"upsell",1
"upselling",1
"upset",1
"upside",1
"urls",1
"user’s",1
"utilities",1
"utility",1
"validating",1
"van",1
"vari",1
"variables",1
"variations",1
"vasudha",1
"vehicles",1
"vehicular",1
"venturebeat",1
"verge",1
"verify",1
"versions",1
"versus",1
"view",1
"vinay",1
"violating",1
"violations",1
"violence",1
"visual",1
"visuals",1
"vivatech",1
"vivatech3full",1
"volumes",1
"vulnerabilities",1
"vulnerable",1
"wang",1
"ware",1
"warehousing",1
"wars",1
"website",1
"week",1
"weeknd",1
"weeks",1
"weight",1
"weights",1
"wellness",1
"werner",1
"wholly",1
"widespread",1
"wilbur",1
"wilson",1
"windows",1
"winkler",1
"wong",1
"workload",1
"workplace",1
"workplaces",1
"worktime",1
"worldwide",1
"worth",1
"write",1
"written",1
"www.mckinsey.com",1
"xavier",1
"yaron",1
"year6",1
"za",1
"zation",1
"zilahi",1
"école",1
"éric",1
"σoccupation",1
